{
    "interactionModel": {
        "languageModel": {
            "invocationName": "healthcare",
            "intents": [
                {
                    "name": "AMAZON.FallbackIntent",
                    "samples": []
                },
                {
                    "name": "AMAZON.CancelIntent",
                    "samples": []
                },
                {
                    "name": "AMAZON.HelpIntent",
                    "samples": []
                },
                {
                    "name": "AMAZON.StopIntent",
                    "samples": []
                },
                {
                    "name": "AMAZON.NavigateHomeIntent",
                    "samples": []
                },
                {
                    "name": "healthcare",
                    "slots": [
                        {
                            "name": "user",
                            "type": "AMAZON.US_FIRST_NAME",
                            "samples": [
                                "{user}",
                                "my friends call me {user}",
                                "my good name is {user}",
                                "my name is {user}"
                            ]
                        },
                        {
                            "name": "doctor",
                            "type": "AMAZON.US_FIRST_NAME",
                            "samples": [
                                "{doctor}",
                                "my doctors name is {doctor}"
                            ]
                        },
                        {
                            "name": "problem",
                            "type": "AMAZON.StreetName",
                            "samples": [
                                "yeah my problem is {problem}",
                                "i am suffering from {problem}",
                                "i have {problem}",
                                "my problem is {problem}",
                                "{problem}"
                            ]
                        }
                    ],
                    "samples": [
                        "{user} set my appointment with {doctor}  i am suffering from {problem}",
                        "my name is {user} please set my appointment with doctor {doctor}  i am suffering from {problem}",
                        "my name is {user} please set my appointment with {doctor}  i am suffering from {problem}",
                        "my name is {user} set my appointment with {doctor} as i am suffering from {problem}",
                        "{user} {doctor} {problem}",
                        "my name is {user} please set my appointment with {doctor} as i am suffering from {problem}"
                    ]
                }
            ],
            "types": []
        },
        "dialog": {
            "intents": [
                {
                    "name": "healthcare",
                    "confirmationRequired": false,
                    "prompts": {},
                    "slots": [
                        {
                            "name": "user",
                            "type": "AMAZON.US_FIRST_NAME",
                            "confirmationRequired": false,
                            "elicitationRequired": true,
                            "prompts": {
                                "elicitation": "Elicit.Slot.693455456968.467168373918"
                            }
                        },
                        {
                            "name": "doctor",
                            "type": "AMAZON.US_FIRST_NAME",
                            "confirmationRequired": false,
                            "elicitationRequired": true,
                            "prompts": {
                                "elicitation": "Elicit.Slot.693455456968.727540029025"
                            }
                        },
                        {
                            "name": "problem",
                            "type": "AMAZON.StreetName",
                            "confirmationRequired": false,
                            "elicitationRequired": true,
                            "prompts": {
                                "elicitation": "Elicit.Slot.693455456968.1528329987942"
                            }
                        }
                    ]
                }
            ]
        },
        "prompts": [
            {
                "id": "Elicit.Slot.693455456968.467168373918",
                "variations": [
                    {
                        "type": "PlainText",
                        "value": "say your name again"
                    },
                    {
                        "type": "PlainText",
                        "value": "your name is not clear to me "
                    },
                    {
                        "type": "PlainText",
                        "value": "tell us your name"
                    },
                    {
                        "type": "PlainText",
                        "value": "tell me your name clearly"
                    }
                ]
            },
            {
                "id": "Elicit.Slot.693455456968.727540029025",
                "variations": [
                    {
                        "type": "PlainText",
                        "value": "i dont get your doctors name"
                    },
                    {
                        "type": "PlainText",
                        "value": "name of your doctor"
                    },
                    {
                        "type": "PlainText",
                        "value": "tell me doctors name"
                    },
                    {
                        "type": "PlainText",
                        "value": "what is your doctor name"
                    }
                ]
            },
            {
                "id": "Elicit.Slot.693455456968.1528329987942",
                "variations": [
                    {
                        "type": "PlainText",
                        "value": "tell me your problem again"
                    },
                    {
                        "type": "PlainText",
                        "value": "tell me your problem"
                    },
                    {
                        "type": "PlainText",
                        "value": "say your problem again"
                    },
                    {
                        "type": "PlainText",
                        "value": "i dont get your problem"
                    }
                ]
            }
        ]
    }
}